filename,label
ILSVRC2012_val_00013716.JPEG,0
ILSVRC2012_val_00020785.JPEG,1
ILSVRC2012_val_00037998.JPEG,2
ILSVRC2012_val_00029568.JPEG,3
ILSVRC2012_val_00031424.JPEG,4
ILSVRC2012_val_00014741.JPEG,5
ILSVRC2012_val_00043702.JPEG,6
ILSVRC2012_val_00035104.JPEG,7
ILSVRC2012_val_00049833.JPEG,8
ILSVRC2012_val_00044975.JPEG,9
ILSVRC2012_val_00045415.JPEG,10
ILSVRC2012_val_00030320.JPEG,11
ILSVRC2012_val_00013367.JPEG,12
ILSVRC2012_val_00026687.JPEG,13
ILSVRC2012_val_00037454.JPEG,14
ILSVRC2012_val_00005833.JPEG,15
ILSVRC2012_val_00014678.JPEG,16
ILSVRC2012_val_00032586.JPEG,17
ILSVRC2012_val_00008512.JPEG,18
ILSVRC2012_val_00020660.JPEG,19
ILSVRC2012_val_00033770.JPEG,20
ILSVRC2012_val_00004381.JPEG,21
ILSVRC2012_val_00003330.JPEG,22
ILSVRC2012_val_00032889.JPEG,23
ILSVRC2012_val_00006916.JPEG,24
ILSVRC2012_val_00009616.JPEG,25
ILSVRC2012_val_00045451.JPEG,26
ILSVRC2012_val_00009677.JPEG,27
ILSVRC2012_val_00007050.JPEG,28
ILSVRC2012_val_00017228.JPEG,29
ILSVRC2012_val_00019578.JPEG,30
ILSVRC2012_val_00025717.JPEG,31
ILSVRC2012_val_00019834.JPEG,32
ILSVRC2012_val_00046069.JPEG,33
ILSVRC2012_val_00006305.JPEG,34
ILSVRC2012_val_00012732.JPEG,35
ILSVRC2012_val_00032135.JPEG,36
ILSVRC2012_val_00037739.JPEG,37
ILSVRC2012_val_00009966.JPEG,38
ILSVRC2012_val_00004622.JPEG,39
ILSVRC2012_val_00007258.JPEG,40
ILSVRC2012_val_00046640.JPEG,41
ILSVRC2012_val_00041169.JPEG,42
ILSVRC2012_val_00005056.JPEG,43
ILSVRC2012_val_00049635.JPEG,44
ILSVRC2012_val_00039708.JPEG,45
ILSVRC2012_val_00026648.JPEG,46
ILSVRC2012_val_00012819.JPEG,47
ILSVRC2012_val_00034669.JPEG,48
ILSVRC2012_val_00006286.JPEG,49
ILSVRC2012_val_00031637.JPEG,50
ILSVRC2012_val_00048791.JPEG,51
ILSVRC2012_val_00027680.JPEG,52
ILSVRC2012_val_00019966.JPEG,53
ILSVRC2012_val_00028577.JPEG,54
ILSVRC2012_val_00005050.JPEG,55
ILSVRC2012_val_00019858.JPEG,56
ILSVRC2012_val_00026122.JPEG,57
ILSVRC2012_val_00028076.JPEG,58
ILSVRC2012_val_00022643.JPEG,59
ILSVRC2012_val_00033547.JPEG,60
ILSVRC2012_val_00028810.JPEG,61
ILSVRC2012_val_00049162.JPEG,62
ILSVRC2012_val_00027824.JPEG,63
ILSVRC2012_val_00038890.JPEG,64
ILSVRC2012_val_00033157.JPEG,65
ILSVRC2012_val_00048041.JPEG,66
ILSVRC2012_val_00001593.JPEG,67
ILSVRC2012_val_00036901.JPEG,68
ILSVRC2012_val_00009499.JPEG,69
ILSVRC2012_val_00000107.JPEG,70
ILSVRC2012_val_00015957.JPEG,71
ILSVRC2012_val_00047194.JPEG,72
ILSVRC2012_val_00046074.JPEG,73
ILSVRC2012_val_00015751.JPEG,74
ILSVRC2012_val_00038183.JPEG,75
ILSVRC2012_val_00023425.JPEG,76
ILSVRC2012_val_00008224.JPEG,77
ILSVRC2012_val_00002957.JPEG,78
ILSVRC2012_val_00017806.JPEG,79
ILSVRC2012_val_00007126.JPEG,80
ILSVRC2012_val_00048825.JPEG,81
ILSVRC2012_val_00043258.JPEG,82
ILSVRC2012_val_00002395.JPEG,83
ILSVRC2012_val_00043483.JPEG,84
ILSVRC2012_val_00026481.JPEG,85
ILSVRC2012_val_00040524.JPEG,86
ILSVRC2012_val_00004503.JPEG,87
ILSVRC2012_val_00040359.JPEG,88
ILSVRC2012_val_00028667.JPEG,89
ILSVRC2012_val_00024121.JPEG,90
ILSVRC2012_val_00015690.JPEG,91
ILSVRC2012_val_00000051.JPEG,92
ILSVRC2012_val_00007793.JPEG,93
ILSVRC2012_val_00016746.JPEG,94
ILSVRC2012_val_00011605.JPEG,95
ILSVRC2012_val_00024525.JPEG,96
ILSVRC2012_val_00045837.JPEG,97
ILSVRC2012_val_00015322.JPEG,98
ILSVRC2012_val_00047025.JPEG,99
ILSVRC2012_val_00027816.JPEG,100
ILSVRC2012_val_00045814.JPEG,101
ILSVRC2012_val_00018132.JPEG,102
ILSVRC2012_val_00016096.JPEG,103
ILSVRC2012_val_00049331.JPEG,104
ILSVRC2012_val_00027599.JPEG,105
ILSVRC2012_val_00013922.JPEG,106
ILSVRC2012_val_00016200.JPEG,107
ILSVRC2012_val_00014486.JPEG,108
ILSVRC2012_val_00000371.JPEG,109
ILSVRC2012_val_00012564.JPEG,110
ILSVRC2012_val_00020370.JPEG,111
ILSVRC2012_val_00031734.JPEG,112
ILSVRC2012_val_00010996.JPEG,113
ILSVRC2012_val_00038708.JPEG,114
ILSVRC2012_val_00000154.JPEG,115
ILSVRC2012_val_00020627.JPEG,116
ILSVRC2012_val_00007454.JPEG,117
ILSVRC2012_val_00008705.JPEG,118
ILSVRC2012_val_00033014.JPEG,119
ILSVRC2012_val_00036212.JPEG,120
ILSVRC2012_val_00018750.JPEG,121
ILSVRC2012_val_00047059.JPEG,122
ILSVRC2012_val_00037235.JPEG,123
ILSVRC2012_val_00033188.JPEG,124
ILSVRC2012_val_00023951.JPEG,125
ILSVRC2012_val_00042476.JPEG,126
ILSVRC2012_val_00037678.JPEG,127
ILSVRC2012_val_00002858.JPEG,128
ILSVRC2012_val_00017069.JPEG,129
ILSVRC2012_val_00036500.JPEG,130
ILSVRC2012_val_00000794.JPEG,131
ILSVRC2012_val_00024166.JPEG,132
ILSVRC2012_val_00046602.JPEG,133
ILSVRC2012_val_00022463.JPEG,134
ILSVRC2012_val_00019998.JPEG,135
ILSVRC2012_val_00037233.JPEG,136
ILSVRC2012_val_00034734.JPEG,137
ILSVRC2012_val_00042825.JPEG,138
ILSVRC2012_val_00002265.JPEG,139
ILSVRC2012_val_00026044.JPEG,140
ILSVRC2012_val_00013192.JPEG,141
ILSVRC2012_val_00029782.JPEG,142
ILSVRC2012_val_00011052.JPEG,143
ILSVRC2012_val_00030044.JPEG,144
ILSVRC2012_val_00026807.JPEG,145
ILSVRC2012_val_00037746.JPEG,146
ILSVRC2012_val_00029505.JPEG,147
ILSVRC2012_val_00015842.JPEG,148
ILSVRC2012_val_00014550.JPEG,149
ILSVRC2012_val_00005360.JPEG,150
ILSVRC2012_val_00026910.JPEG,151
ILSVRC2012_val_00009247.JPEG,152
ILSVRC2012_val_00043839.JPEG,153
ILSVRC2012_val_00010772.JPEG,154
ILSVRC2012_val_00007958.JPEG,155
ILSVRC2012_val_00008975.JPEG,156
ILSVRC2012_val_00033773.JPEG,157
ILSVRC2012_val_00019124.JPEG,158
ILSVRC2012_val_00006900.JPEG,159
ILSVRC2012_val_00036395.JPEG,160
ILSVRC2012_val_00023250.JPEG,161
ILSVRC2012_val_00042258.JPEG,162
ILSVRC2012_val_00000141.JPEG,163
ILSVRC2012_val_00023171.JPEG,164
ILSVRC2012_val_00023203.JPEG,165
ILSVRC2012_val_00003646.JPEG,166
ILSVRC2012_val_00048007.JPEG,167
ILSVRC2012_val_00015885.JPEG,168
ILSVRC2012_val_00049861.JPEG,169
ILSVRC2012_val_00020082.JPEG,170
ILSVRC2012_val_00019743.JPEG,171
ILSVRC2012_val_00042414.JPEG,172
ILSVRC2012_val_00004434.JPEG,173
ILSVRC2012_val_00040052.JPEG,174
ILSVRC2012_val_00014357.JPEG,175
ILSVRC2012_val_00039822.JPEG,176
ILSVRC2012_val_00031364.JPEG,177
ILSVRC2012_val_00031532.JPEG,178
ILSVRC2012_val_00011925.JPEG,179
ILSVRC2012_val_00019276.JPEG,180
ILSVRC2012_val_00037111.JPEG,181
ILSVRC2012_val_00004053.JPEG,182
ILSVRC2012_val_00027743.JPEG,183
ILSVRC2012_val_00016922.JPEG,184
ILSVRC2012_val_00000391.JPEG,185
ILSVRC2012_val_00045518.JPEG,186
ILSVRC2012_val_00044200.JPEG,187
ILSVRC2012_val_00043157.JPEG,188
ILSVRC2012_val_00046999.JPEG,189
ILSVRC2012_val_00000474.JPEG,190
ILSVRC2012_val_00041551.JPEG,191
ILSVRC2012_val_00023164.JPEG,192
ILSVRC2012_val_00019830.JPEG,193
ILSVRC2012_val_00005365.JPEG,194
ILSVRC2012_val_00011673.JPEG,195
ILSVRC2012_val_00008930.JPEG,196
ILSVRC2012_val_00011340.JPEG,197
ILSVRC2012_val_00022042.JPEG,198
ILSVRC2012_val_00029657.JPEG,199
ILSVRC2012_val_00044819.JPEG,200
ILSVRC2012_val_00026153.JPEG,201
ILSVRC2012_val_00034514.JPEG,202
ILSVRC2012_val_00020651.JPEG,203
ILSVRC2012_val_00005255.JPEG,204
ILSVRC2012_val_00008395.JPEG,205
ILSVRC2012_val_00031534.JPEG,206
ILSVRC2012_val_00033790.JPEG,207
ILSVRC2012_val_00043072.JPEG,208
ILSVRC2012_val_00002559.JPEG,209
ILSVRC2012_val_00048488.JPEG,210
ILSVRC2012_val_00026242.JPEG,211
ILSVRC2012_val_00017156.JPEG,212
ILSVRC2012_val_00034732.JPEG,213
ILSVRC2012_val_00039268.JPEG,214
ILSVRC2012_val_00010354.JPEG,215
ILSVRC2012_val_00044059.JPEG,216
ILSVRC2012_val_00008334.JPEG,217
ILSVRC2012_val_00008348.JPEG,218
ILSVRC2012_val_00045827.JPEG,219
ILSVRC2012_val_00045044.JPEG,220
ILSVRC2012_val_00010049.JPEG,221
ILSVRC2012_val_00002402.JPEG,222
ILSVRC2012_val_00045919.JPEG,223
ILSVRC2012_val_00048537.JPEG,224
ILSVRC2012_val_00023926.JPEG,225
ILSVRC2012_val_00016146.JPEG,226
ILSVRC2012_val_00020380.JPEG,227
ILSVRC2012_val_00014973.JPEG,228
ILSVRC2012_val_00010378.JPEG,229
ILSVRC2012_val_00045056.JPEG,230
ILSVRC2012_val_00046974.JPEG,231
ILSVRC2012_val_00013583.JPEG,232
ILSVRC2012_val_00007056.JPEG,233
ILSVRC2012_val_00015333.JPEG,234
ILSVRC2012_val_00046902.JPEG,235
ILSVRC2012_val_00030698.JPEG,236
ILSVRC2012_val_00019096.JPEG,237
ILSVRC2012_val_00011947.JPEG,238
ILSVRC2012_val_00034011.JPEG,239
ILSVRC2012_val_00042344.JPEG,240
ILSVRC2012_val_00012733.JPEG,241
ILSVRC2012_val_00017434.JPEG,242
ILSVRC2012_val_00007219.JPEG,243
ILSVRC2012_val_00040003.JPEG,244
ILSVRC2012_val_00040645.JPEG,245
ILSVRC2012_val_00043452.JPEG,246
ILSVRC2012_val_00021963.JPEG,247
ILSVRC2012_val_00019173.JPEG,248
ILSVRC2012_val_00012935.JPEG,249
ILSVRC2012_val_00008197.JPEG,250
ILSVRC2012_val_00034465.JPEG,251
ILSVRC2012_val_00029923.JPEG,252
ILSVRC2012_val_00043289.JPEG,253
ILSVRC2012_val_00033673.JPEG,254
ILSVRC2012_val_00048080.JPEG,255
ILSVRC2012_val_00014151.JPEG,256
ILSVRC2012_val_00037462.JPEG,257
ILSVRC2012_val_00039123.JPEG,258
ILSVRC2012_val_00024277.JPEG,259
ILSVRC2012_val_00006664.JPEG,260
ILSVRC2012_val_00027121.JPEG,261
ILSVRC2012_val_00036061.JPEG,262
ILSVRC2012_val_00032854.JPEG,263
ILSVRC2012_val_00022402.JPEG,264
ILSVRC2012_val_00045956.JPEG,265
ILSVRC2012_val_00030403.JPEG,266
ILSVRC2012_val_00048625.JPEG,267
ILSVRC2012_val_00036709.JPEG,268
ILSVRC2012_val_00017809.JPEG,269
ILSVRC2012_val_00019391.JPEG,270
ILSVRC2012_val_00010369.JPEG,271
ILSVRC2012_val_00026869.JPEG,272
ILSVRC2012_val_00019417.JPEG,273
ILSVRC2012_val_00008362.JPEG,274
ILSVRC2012_val_00014532.JPEG,275
ILSVRC2012_val_00011000.JPEG,276
ILSVRC2012_val_00003449.JPEG,277
ILSVRC2012_val_00017444.JPEG,278
ILSVRC2012_val_00007290.JPEG,279
ILSVRC2012_val_00045171.JPEG,280
ILSVRC2012_val_00012975.JPEG,281
ILSVRC2012_val_00035532.JPEG,282
ILSVRC2012_val_00044097.JPEG,283
ILSVRC2012_val_00039580.JPEG,284
ILSVRC2012_val_00004719.JPEG,285
ILSVRC2012_val_00042529.JPEG,286
ILSVRC2012_val_00030530.JPEG,287
ILSVRC2012_val_00027464.JPEG,288
ILSVRC2012_val_00010472.JPEG,289
ILSVRC2012_val_00021585.JPEG,290
ILSVRC2012_val_00011645.JPEG,291
ILSVRC2012_val_00034686.JPEG,292
ILSVRC2012_val_00006341.JPEG,293
ILSVRC2012_val_00000871.JPEG,294
ILSVRC2012_val_00035292.JPEG,295
ILSVRC2012_val_00031877.JPEG,296
ILSVRC2012_val_00013052.JPEG,297
ILSVRC2012_val_00040841.JPEG,298
ILSVRC2012_val_00049426.JPEG,299
ILSVRC2012_val_00038929.JPEG,300
ILSVRC2012_val_00036251.JPEG,301
ILSVRC2012_val_00042180.JPEG,302
ILSVRC2012_val_00023834.JPEG,303
ILSVRC2012_val_00036173.JPEG,304
ILSVRC2012_val_00015022.JPEG,305
ILSVRC2012_val_00011899.JPEG,306
ILSVRC2012_val_00006121.JPEG,307
ILSVRC2012_val_00033359.JPEG,308
ILSVRC2012_val_00015983.JPEG,309
ILSVRC2012_val_00031267.JPEG,310
ILSVRC2012_val_00007152.JPEG,311
ILSVRC2012_val_00003997.JPEG,312
ILSVRC2012_val_00005237.JPEG,313
ILSVRC2012_val_00042897.JPEG,314
ILSVRC2012_val_00021918.JPEG,315
ILSVRC2012_val_00041528.JPEG,316
ILSVRC2012_val_00003854.JPEG,317
ILSVRC2012_val_00031524.JPEG,318
ILSVRC2012_val_00002225.JPEG,319
ILSVRC2012_val_00043486.JPEG,320
ILSVRC2012_val_00036285.JPEG,321
ILSVRC2012_val_00008142.JPEG,322
ILSVRC2012_val_00035113.JPEG,323
ILSVRC2012_val_00011175.JPEG,324
ILSVRC2012_val_00042019.JPEG,325
ILSVRC2012_val_00019795.JPEG,326
ILSVRC2012_val_00023403.JPEG,327
ILSVRC2012_val_00035430.JPEG,328
ILSVRC2012_val_00045864.JPEG,329
ILSVRC2012_val_00017565.JPEG,330
ILSVRC2012_val_00038648.JPEG,331
ILSVRC2012_val_00040394.JPEG,332
ILSVRC2012_val_00015181.JPEG,333
ILSVRC2012_val_00005243.JPEG,334
ILSVRC2012_val_00035501.JPEG,335
ILSVRC2012_val_00008936.JPEG,336
ILSVRC2012_val_00009081.JPEG,337
ILSVRC2012_val_00018359.JPEG,338
ILSVRC2012_val_00049605.JPEG,339
ILSVRC2012_val_00027429.JPEG,340
ILSVRC2012_val_00026390.JPEG,341
ILSVRC2012_val_00009551.JPEG,342
ILSVRC2012_val_00037020.JPEG,343
ILSVRC2012_val_00022573.JPEG,344
ILSVRC2012_val_00009046.JPEG,345
ILSVRC2012_val_00007108.JPEG,346
ILSVRC2012_val_00002433.JPEG,347
ILSVRC2012_val_00048706.JPEG,348
ILSVRC2012_val_00020499.JPEG,349
ILSVRC2012_val_00028619.JPEG,350
ILSVRC2012_val_00038984.JPEG,351
ILSVRC2012_val_00042971.JPEG,352
ILSVRC2012_val_00025678.JPEG,353
ILSVRC2012_val_00013383.JPEG,354
ILSVRC2012_val_00014548.JPEG,355
ILSVRC2012_val_00043742.JPEG,356
ILSVRC2012_val_00048217.JPEG,357
ILSVRC2012_val_00039421.JPEG,358
ILSVRC2012_val_00014852.JPEG,359
ILSVRC2012_val_00030612.JPEG,360
ILSVRC2012_val_00012662.JPEG,361
ILSVRC2012_val_00002903.JPEG,362
ILSVRC2012_val_00004762.JPEG,363
ILSVRC2012_val_00044424.JPEG,364
ILSVRC2012_val_00004003.JPEG,365
ILSVRC2012_val_00010853.JPEG,366
ILSVRC2012_val_00013943.JPEG,367
ILSVRC2012_val_00032133.JPEG,368
ILSVRC2012_val_00040762.JPEG,369
ILSVRC2012_val_00017290.JPEG,370
ILSVRC2012_val_00041861.JPEG,371
ILSVRC2012_val_00016651.JPEG,372
ILSVRC2012_val_00027668.JPEG,373
ILSVRC2012_val_00024011.JPEG,374
ILSVRC2012_val_00012204.JPEG,375
ILSVRC2012_val_00019235.JPEG,376
ILSVRC2012_val_00015041.JPEG,377
ILSVRC2012_val_00047365.JPEG,378
ILSVRC2012_val_00015033.JPEG,379
ILSVRC2012_val_00038087.JPEG,380
ILSVRC2012_val_00039105.JPEG,381
ILSVRC2012_val_00025615.JPEG,382
ILSVRC2012_val_00044050.JPEG,383
ILSVRC2012_val_00034807.JPEG,384
ILSVRC2012_val_00025237.JPEG,385
ILSVRC2012_val_00005109.JPEG,386
ILSVRC2012_val_00003193.JPEG,387
ILSVRC2012_val_00006543.JPEG,388
ILSVRC2012_val_00030179.JPEG,389
ILSVRC2012_val_00010825.JPEG,390
ILSVRC2012_val_00002859.JPEG,391
ILSVRC2012_val_00001051.JPEG,392
ILSVRC2012_val_00049216.JPEG,393
ILSVRC2012_val_00022421.JPEG,394
ILSVRC2012_val_00031222.JPEG,395
ILSVRC2012_val_00032375.JPEG,396
ILSVRC2012_val_00043722.JPEG,397
ILSVRC2012_val_00026930.JPEG,398
ILSVRC2012_val_00027935.JPEG,399
ILSVRC2012_val_00047254.JPEG,400
ILSVRC2012_val_00007453.JPEG,401
ILSVRC2012_val_00002837.JPEG,402
ILSVRC2012_val_00047290.JPEG,403
ILSVRC2012_val_00019677.JPEG,404
ILSVRC2012_val_00033251.JPEG,405
ILSVRC2012_val_00000932.JPEG,406
ILSVRC2012_val_00029222.JPEG,407
ILSVRC2012_val_00009179.JPEG,408
ILSVRC2012_val_00033429.JPEG,409
ILSVRC2012_val_00011812.JPEG,410
ILSVRC2012_val_00019514.JPEG,411
ILSVRC2012_val_00046857.JPEG,412
ILSVRC2012_val_00038946.JPEG,413
ILSVRC2012_val_00028578.JPEG,414
ILSVRC2012_val_00039503.JPEG,415
ILSVRC2012_val_00029181.JPEG,416
ILSVRC2012_val_00039342.JPEG,417
ILSVRC2012_val_00033062.JPEG,418
ILSVRC2012_val_00003238.JPEG,419
ILSVRC2012_val_00000388.JPEG,420
ILSVRC2012_val_00033275.JPEG,421
ILSVRC2012_val_00035750.JPEG,422
ILSVRC2012_val_00026295.JPEG,423
ILSVRC2012_val_00012390.JPEG,424
ILSVRC2012_val_00003727.JPEG,425
ILSVRC2012_val_00000287.JPEG,426
ILSVRC2012_val_00001377.JPEG,427
ILSVRC2012_val_00031279.JPEG,428
ILSVRC2012_val_00026506.JPEG,429
ILSVRC2012_val_00006081.JPEG,430
ILSVRC2012_val_00027152.JPEG,431
ILSVRC2012_val_00029252.JPEG,432
ILSVRC2012_val_00037533.JPEG,433
ILSVRC2012_val_00018964.JPEG,434
ILSVRC2012_val_00007187.JPEG,435
ILSVRC2012_val_00020038.JPEG,436
ILSVRC2012_val_00047155.JPEG,437
ILSVRC2012_val_00004972.JPEG,438
ILSVRC2012_val_00037448.JPEG,439
ILSVRC2012_val_00037635.JPEG,440
ILSVRC2012_val_00009049.JPEG,441
ILSVRC2012_val_00031082.JPEG,442
ILSVRC2012_val_00012466.JPEG,443
ILSVRC2012_val_00040027.JPEG,444
ILSVRC2012_val_00033495.JPEG,445
ILSVRC2012_val_00016307.JPEG,446
ILSVRC2012_val_00046109.JPEG,447
ILSVRC2012_val_00027127.JPEG,448
ILSVRC2012_val_00007317.JPEG,449
ILSVRC2012_val_00036215.JPEG,450
ILSVRC2012_val_00029091.JPEG,451
ILSVRC2012_val_00021268.JPEG,452
ILSVRC2012_val_00023290.JPEG,453
ILSVRC2012_val_00018114.JPEG,454
ILSVRC2012_val_00018878.JPEG,455
ILSVRC2012_val_00006182.JPEG,456
ILSVRC2012_val_00027212.JPEG,457
ILSVRC2012_val_00003048.JPEG,458
ILSVRC2012_val_00030949.JPEG,459
ILSVRC2012_val_00016396.JPEG,460
ILSVRC2012_val_00033570.JPEG,461
ILSVRC2012_val_00045922.JPEG,462
ILSVRC2012_val_00013226.JPEG,463
ILSVRC2012_val_00028437.JPEG,464
ILSVRC2012_val_00048062.JPEG,465
ILSVRC2012_val_00027463.JPEG,466
ILSVRC2012_val_00008136.JPEG,467
ILSVRC2012_val_00020002.JPEG,468
ILSVRC2012_val_00009140.JPEG,469
ILSVRC2012_val_00037224.JPEG,470
ILSVRC2012_val_00021004.JPEG,471
ILSVRC2012_val_00015044.JPEG,472
ILSVRC2012_val_00037446.JPEG,473
ILSVRC2012_val_00007407.JPEG,474
ILSVRC2012_val_00025953.JPEG,475
ILSVRC2012_val_00011602.JPEG,476
ILSVRC2012_val_00037588.JPEG,477
ILSVRC2012_val_00036799.JPEG,478
ILSVRC2012_val_00044931.JPEG,479
ILSVRC2012_val_00026363.JPEG,480
ILSVRC2012_val_00044199.JPEG,481
ILSVRC2012_val_00046953.JPEG,482
ILSVRC2012_val_00005338.JPEG,483
ILSVRC2012_val_00017488.JPEG,484
ILSVRC2012_val_00043416.JPEG,485
ILSVRC2012_val_00027818.JPEG,486
ILSVRC2012_val_00010353.JPEG,487
ILSVRC2012_val_00017738.JPEG,488
ILSVRC2012_val_00027786.JPEG,489
ILSVRC2012_val_00044579.JPEG,490
ILSVRC2012_val_00028196.JPEG,491
ILSVRC2012_val_00049658.JPEG,492
ILSVRC2012_val_00008455.JPEG,493
ILSVRC2012_val_00010781.JPEG,494
ILSVRC2012_val_00036447.JPEG,495
ILSVRC2012_val_00022347.JPEG,496
ILSVRC2012_val_00005295.JPEG,497
ILSVRC2012_val_00014372.JPEG,498
ILSVRC2012_val_00034599.JPEG,499
ILSVRC2012_val_00039914.JPEG,500
ILSVRC2012_val_00038702.JPEG,501
ILSVRC2012_val_00030355.JPEG,502
ILSVRC2012_val_00040099.JPEG,503
ILSVRC2012_val_00025548.JPEG,504
ILSVRC2012_val_00014889.JPEG,505
ILSVRC2012_val_00002778.JPEG,506
ILSVRC2012_val_00005906.JPEG,507
ILSVRC2012_val_00009502.JPEG,508
ILSVRC2012_val_00028243.JPEG,509
ILSVRC2012_val_00014953.JPEG,510
ILSVRC2012_val_00036091.JPEG,511
ILSVRC2012_val_00021029.JPEG,512
ILSVRC2012_val_00014906.JPEG,513
ILSVRC2012_val_00048554.JPEG,514
ILSVRC2012_val_00012841.JPEG,515
ILSVRC2012_val_00025177.JPEG,516
ILSVRC2012_val_00030977.JPEG,517
ILSVRC2012_val_00013542.JPEG,518
ILSVRC2012_val_00017591.JPEG,519
ILSVRC2012_val_00016407.JPEG,520
ILSVRC2012_val_00018930.JPEG,521
ILSVRC2012_val_00041100.JPEG,522
ILSVRC2012_val_00048256.JPEG,523
ILSVRC2012_val_00014672.JPEG,524
ILSVRC2012_val_00015577.JPEG,525
ILSVRC2012_val_00040102.JPEG,526
ILSVRC2012_val_00004712.JPEG,527
ILSVRC2012_val_00023876.JPEG,528
ILSVRC2012_val_00049038.JPEG,529
ILSVRC2012_val_00028481.JPEG,530
ILSVRC2012_val_00024463.JPEG,531
ILSVRC2012_val_00006493.JPEG,532
ILSVRC2012_val_00009860.JPEG,533
ILSVRC2012_val_00048397.JPEG,534
ILSVRC2012_val_00018408.JPEG,535
ILSVRC2012_val_00017237.JPEG,536
ILSVRC2012_val_00041618.JPEG,537
ILSVRC2012_val_00026781.JPEG,538
ILSVRC2012_val_00045224.JPEG,539
ILSVRC2012_val_00000504.JPEG,540
ILSVRC2012_val_00030864.JPEG,541
ILSVRC2012_val_00022365.JPEG,542
ILSVRC2012_val_00049273.JPEG,543
ILSVRC2012_val_00008537.JPEG,544
ILSVRC2012_val_00015074.JPEG,545
ILSVRC2012_val_00000467.JPEG,546
ILSVRC2012_val_00046707.JPEG,547
ILSVRC2012_val_00016704.JPEG,548
ILSVRC2012_val_00027257.JPEG,549
ILSVRC2012_val_00013565.JPEG,550
ILSVRC2012_val_00003881.JPEG,551
ILSVRC2012_val_00012121.JPEG,552
ILSVRC2012_val_00023186.JPEG,553
ILSVRC2012_val_00006748.JPEG,554
ILSVRC2012_val_00004238.JPEG,555
ILSVRC2012_val_00019549.JPEG,556
ILSVRC2012_val_00046992.JPEG,557
ILSVRC2012_val_00012964.JPEG,558
ILSVRC2012_val_00002253.JPEG,559
ILSVRC2012_val_00020937.JPEG,560
ILSVRC2012_val_00024267.JPEG,561
ILSVRC2012_val_00024660.JPEG,562
ILSVRC2012_val_00017298.JPEG,563
ILSVRC2012_val_00030183.JPEG,564
ILSVRC2012_val_00020706.JPEG,565
ILSVRC2012_val_00046669.JPEG,566
ILSVRC2012_val_00015984.JPEG,567
ILSVRC2012_val_00017901.JPEG,568
ILSVRC2012_val_00034417.JPEG,569
ILSVRC2012_val_00035533.JPEG,570
ILSVRC2012_val_00005183.JPEG,571
ILSVRC2012_val_00035078.JPEG,572
ILSVRC2012_val_00029233.JPEG,573
ILSVRC2012_val_00002314.JPEG,574
ILSVRC2012_val_00026782.JPEG,575
ILSVRC2012_val_00020339.JPEG,576
ILSVRC2012_val_00018056.JPEG,577
ILSVRC2012_val_00012613.JPEG,578
ILSVRC2012_val_00047672.JPEG,579
ILSVRC2012_val_00005071.JPEG,580
ILSVRC2012_val_00032839.JPEG,581
ILSVRC2012_val_00039430.JPEG,582
ILSVRC2012_val_00019332.JPEG,583
ILSVRC2012_val_00048911.JPEG,584
ILSVRC2012_val_00026637.JPEG,585
ILSVRC2012_val_00001644.JPEG,586
ILSVRC2012_val_00021070.JPEG,587
ILSVRC2012_val_00040916.JPEG,588
ILSVRC2012_val_00027635.JPEG,589
ILSVRC2012_val_00001456.JPEG,590
ILSVRC2012_val_00034464.JPEG,591
ILSVRC2012_val_00006648.JPEG,592
ILSVRC2012_val_00034610.JPEG,593
ILSVRC2012_val_00038244.JPEG,594
ILSVRC2012_val_00023918.JPEG,595
ILSVRC2012_val_00027332.JPEG,596
ILSVRC2012_val_00010924.JPEG,597
ILSVRC2012_val_00007441.JPEG,598
ILSVRC2012_val_00022002.JPEG,599
ILSVRC2012_val_00032475.JPEG,600
ILSVRC2012_val_00018404.JPEG,601
ILSVRC2012_val_00040403.JPEG,602
ILSVRC2012_val_00042767.JPEG,603
ILSVRC2012_val_00017010.JPEG,604
ILSVRC2012_val_00039654.JPEG,605
ILSVRC2012_val_00008489.JPEG,606
ILSVRC2012_val_00037793.JPEG,607
ILSVRC2012_val_00014986.JPEG,608
ILSVRC2012_val_00012806.JPEG,609
ILSVRC2012_val_00045794.JPEG,610
ILSVRC2012_val_00015328.JPEG,611
ILSVRC2012_val_00029293.JPEG,612
ILSVRC2012_val_00005803.JPEG,613
ILSVRC2012_val_00041615.JPEG,614
ILSVRC2012_val_00045631.JPEG,615
ILSVRC2012_val_00020567.JPEG,616
ILSVRC2012_val_00027847.JPEG,617
ILSVRC2012_val_00038113.JPEG,618
ILSVRC2012_val_00021726.JPEG,619
ILSVRC2012_val_00007373.JPEG,620
ILSVRC2012_val_00049371.JPEG,621
ILSVRC2012_val_00009181.JPEG,622
ILSVRC2012_val_00039287.JPEG,623
ILSVRC2012_val_00045865.JPEG,624
ILSVRC2012_val_00012154.JPEG,625
ILSVRC2012_val_00042314.JPEG,626
ILSVRC2012_val_00011987.JPEG,627
ILSVRC2012_val_00029907.JPEG,628
ILSVRC2012_val_00010662.JPEG,629
ILSVRC2012_val_00047129.JPEG,630
ILSVRC2012_val_00045173.JPEG,631
ILSVRC2012_val_00010819.JPEG,632
ILSVRC2012_val_00003231.JPEG,633
ILSVRC2012_val_00032905.JPEG,634
ILSVRC2012_val_00043753.JPEG,635
ILSVRC2012_val_00001638.JPEG,636
ILSVRC2012_val_00013096.JPEG,637
ILSVRC2012_val_00028738.JPEG,638
ILSVRC2012_val_00029606.JPEG,639
ILSVRC2012_val_00006575.JPEG,640
ILSVRC2012_val_00044143.JPEG,641
ILSVRC2012_val_00022243.JPEG,642
ILSVRC2012_val_00001334.JPEG,643
ILSVRC2012_val_00028678.JPEG,644
ILSVRC2012_val_00027446.JPEG,645
ILSVRC2012_val_00011827.JPEG,646
ILSVRC2012_val_00000163.JPEG,647
ILSVRC2012_val_00038646.JPEG,648
ILSVRC2012_val_00041611.JPEG,649
ILSVRC2012_val_00036985.JPEG,650
ILSVRC2012_val_00030645.JPEG,651
ILSVRC2012_val_00021649.JPEG,652
ILSVRC2012_val_00047368.JPEG,653
ILSVRC2012_val_00037883.JPEG,654
ILSVRC2012_val_00045468.JPEG,655
ILSVRC2012_val_00024170.JPEG,656
ILSVRC2012_val_00045982.JPEG,657
ILSVRC2012_val_00039575.JPEG,658
ILSVRC2012_val_00022647.JPEG,659
ILSVRC2012_val_00024871.JPEG,660
ILSVRC2012_val_00033109.JPEG,661
ILSVRC2012_val_00001373.JPEG,662
ILSVRC2012_val_00003701.JPEG,663
ILSVRC2012_val_00035743.JPEG,664
ILSVRC2012_val_00007101.JPEG,665
ILSVRC2012_val_00033326.JPEG,666
ILSVRC2012_val_00010267.JPEG,667
ILSVRC2012_val_00020867.JPEG,668
ILSVRC2012_val_00023306.JPEG,669
ILSVRC2012_val_00046855.JPEG,670
ILSVRC2012_val_00037438.JPEG,671
ILSVRC2012_val_00025552.JPEG,672
ILSVRC2012_val_00026095.JPEG,673
ILSVRC2012_val_00009498.JPEG,674
ILSVRC2012_val_00008879.JPEG,675
ILSVRC2012_val_00042486.JPEG,676
ILSVRC2012_val_00018782.JPEG,677
ILSVRC2012_val_00028383.JPEG,678
ILSVRC2012_val_00039414.JPEG,679
ILSVRC2012_val_00021620.JPEG,680
ILSVRC2012_val_00005040.JPEG,681
ILSVRC2012_val_00034643.JPEG,682
ILSVRC2012_val_00017944.JPEG,683
ILSVRC2012_val_00031571.JPEG,684
ILSVRC2012_val_00047266.JPEG,685
ILSVRC2012_val_00016578.JPEG,686
ILSVRC2012_val_00008322.JPEG,687
ILSVRC2012_val_00019311.JPEG,688
ILSVRC2012_val_00041091.JPEG,689
ILSVRC2012_val_00012206.JPEG,690
ILSVRC2012_val_00036829.JPEG,691
ILSVRC2012_val_00046204.JPEG,692
ILSVRC2012_val_00026147.JPEG,693
ILSVRC2012_val_00038274.JPEG,694
ILSVRC2012_val_00047645.JPEG,695
ILSVRC2012_val_00035349.JPEG,696
ILSVRC2012_val_00045095.JPEG,697
ILSVRC2012_val_00029035.JPEG,698
ILSVRC2012_val_00037974.JPEG,699
ILSVRC2012_val_00008442.JPEG,700
ILSVRC2012_val_00047147.JPEG,701
ILSVRC2012_val_00037689.JPEG,702
ILSVRC2012_val_00013082.JPEG,703
ILSVRC2012_val_00012185.JPEG,704
ILSVRC2012_val_00020584.JPEG,705
ILSVRC2012_val_00007381.JPEG,706
ILSVRC2012_val_00016667.JPEG,707
ILSVRC2012_val_00011786.JPEG,708
ILSVRC2012_val_00040316.JPEG,709
ILSVRC2012_val_00006357.JPEG,710
ILSVRC2012_val_00024293.JPEG,711
ILSVRC2012_val_00030325.JPEG,712
ILSVRC2012_val_00022627.JPEG,713
ILSVRC2012_val_00023130.JPEG,714
ILSVRC2012_val_00039066.JPEG,715
ILSVRC2012_val_00004063.JPEG,716
ILSVRC2012_val_00022918.JPEG,717
ILSVRC2012_val_00042285.JPEG,718
ILSVRC2012_val_00022575.JPEG,719
ILSVRC2012_val_00008984.JPEG,720
ILSVRC2012_val_00021635.JPEG,721
ILSVRC2012_val_00036460.JPEG,722
ILSVRC2012_val_00012344.JPEG,723
ILSVRC2012_val_00001182.JPEG,724
ILSVRC2012_val_00045997.JPEG,725
ILSVRC2012_val_00002705.JPEG,726
ILSVRC2012_val_00004337.JPEG,727
ILSVRC2012_val_00027382.JPEG,728
ILSVRC2012_val_00016375.JPEG,729
ILSVRC2012_val_00029750.JPEG,730
ILSVRC2012_val_00027340.JPEG,731
ILSVRC2012_val_00015052.JPEG,732
ILSVRC2012_val_00026898.JPEG,733
ILSVRC2012_val_00009917.JPEG,734
ILSVRC2012_val_00048173.JPEG,735
ILSVRC2012_val_00007106.JPEG,736
ILSVRC2012_val_00008501.JPEG,737
ILSVRC2012_val_00040601.JPEG,738
ILSVRC2012_val_00039167.JPEG,739
ILSVRC2012_val_00030679.JPEG,740
ILSVRC2012_val_00016346.JPEG,741
ILSVRC2012_val_00021479.JPEG,742
ILSVRC2012_val_00039892.JPEG,743
ILSVRC2012_val_00018888.JPEG,744
ILSVRC2012_val_00026277.JPEG,745
ILSVRC2012_val_00031317.JPEG,746
ILSVRC2012_val_00019768.JPEG,747
ILSVRC2012_val_00047620.JPEG,748
ILSVRC2012_val_00025246.JPEG,749
ILSVRC2012_val_00026389.JPEG,750
ILSVRC2012_val_00042773.JPEG,751
ILSVRC2012_val_00009337.JPEG,752
ILSVRC2012_val_00036403.JPEG,753
ILSVRC2012_val_00023399.JPEG,754
ILSVRC2012_val_00021724.JPEG,755
ILSVRC2012_val_00045475.JPEG,756
ILSVRC2012_val_00011890.JPEG,757
ILSVRC2012_val_00047181.JPEG,758
ILSVRC2012_val_00010715.JPEG,759
ILSVRC2012_val_00005927.JPEG,760
ILSVRC2012_val_00028651.JPEG,761
ILSVRC2012_val_00000591.JPEG,762
ILSVRC2012_val_00032309.JPEG,763
ILSVRC2012_val_00003780.JPEG,764
ILSVRC2012_val_00022589.JPEG,765
ILSVRC2012_val_00013982.JPEG,766
ILSVRC2012_val_00000453.JPEG,767
ILSVRC2012_val_00037938.JPEG,768
ILSVRC2012_val_00008711.JPEG,769
ILSVRC2012_val_00015612.JPEG,770
ILSVRC2012_val_00047426.JPEG,771
ILSVRC2012_val_00045740.JPEG,772
ILSVRC2012_val_00023911.JPEG,773
ILSVRC2012_val_00032308.JPEG,774
ILSVRC2012_val_00040074.JPEG,775
ILSVRC2012_val_00034657.JPEG,776
ILSVRC2012_val_00035181.JPEG,777
ILSVRC2012_val_00011033.JPEG,778
ILSVRC2012_val_00037681.JPEG,779
ILSVRC2012_val_00048988.JPEG,780
ILSVRC2012_val_00035385.JPEG,781
ILSVRC2012_val_00006324.JPEG,782
ILSVRC2012_val_00031354.JPEG,783
ILSVRC2012_val_00016205.JPEG,784
ILSVRC2012_val_00017477.JPEG,785
ILSVRC2012_val_00042253.JPEG,786
ILSVRC2012_val_00005038.JPEG,787
ILSVRC2012_val_00013132.JPEG,788
ILSVRC2012_val_00025794.JPEG,789
ILSVRC2012_val_00028558.JPEG,790
ILSVRC2012_val_00046559.JPEG,791
ILSVRC2012_val_00004896.JPEG,792
ILSVRC2012_val_00003184.JPEG,793
ILSVRC2012_val_00014474.JPEG,794
ILSVRC2012_val_00047703.JPEG,795
ILSVRC2012_val_00006906.JPEG,796
ILSVRC2012_val_00039312.JPEG,797
ILSVRC2012_val_00012051.JPEG,798
ILSVRC2012_val_00036883.JPEG,799
ILSVRC2012_val_00047686.JPEG,800
ILSVRC2012_val_00018922.JPEG,801
ILSVRC2012_val_00037661.JPEG,802
ILSVRC2012_val_00025743.JPEG,803
ILSVRC2012_val_00022461.JPEG,804
ILSVRC2012_val_00009803.JPEG,805
ILSVRC2012_val_00007953.JPEG,806
ILSVRC2012_val_00002445.JPEG,807
ILSVRC2012_val_00024333.JPEG,808
ILSVRC2012_val_00030632.JPEG,809
ILSVRC2012_val_00029588.JPEG,810
ILSVRC2012_val_00014737.JPEG,811
ILSVRC2012_val_00012098.JPEG,812
ILSVRC2012_val_00047766.JPEG,813
ILSVRC2012_val_00020732.JPEG,814
ILSVRC2012_val_00012305.JPEG,815
ILSVRC2012_val_00000349.JPEG,816
ILSVRC2012_val_00004970.JPEG,817
ILSVRC2012_val_00017062.JPEG,818
ILSVRC2012_val_00025090.JPEG,819
ILSVRC2012_val_00048487.JPEG,820
ILSVRC2012_val_00011635.JPEG,821
ILSVRC2012_val_00030265.JPEG,822
ILSVRC2012_val_00028075.JPEG,823
ILSVRC2012_val_00012317.JPEG,824
ILSVRC2012_val_00006408.JPEG,825
ILSVRC2012_val_00023330.JPEG,826
ILSVRC2012_val_00025452.JPEG,827
ILSVRC2012_val_00043814.JPEG,828
ILSVRC2012_val_00004778.JPEG,829
ILSVRC2012_val_00002731.JPEG,830
ILSVRC2012_val_00015043.JPEG,831
ILSVRC2012_val_00022968.JPEG,832
ILSVRC2012_val_00026652.JPEG,833
ILSVRC2012_val_00022620.JPEG,834
ILSVRC2012_val_00009365.JPEG,835
ILSVRC2012_val_00000704.JPEG,836
ILSVRC2012_val_00016088.JPEG,837
ILSVRC2012_val_00013977.JPEG,838
ILSVRC2012_val_00013569.JPEG,839
ILSVRC2012_val_00001690.JPEG,840
ILSVRC2012_val_00011799.JPEG,841
ILSVRC2012_val_00001006.JPEG,842
ILSVRC2012_val_00020264.JPEG,843
ILSVRC2012_val_00046939.JPEG,844
ILSVRC2012_val_00023982.JPEG,845
ILSVRC2012_val_00024312.JPEG,846
ILSVRC2012_val_00021989.JPEG,847
ILSVRC2012_val_00031995.JPEG,848
ILSVRC2012_val_00049424.JPEG,849
ILSVRC2012_val_00026067.JPEG,850
ILSVRC2012_val_00002821.JPEG,851
ILSVRC2012_val_00044037.JPEG,852
ILSVRC2012_val_00026663.JPEG,853
ILSVRC2012_val_00034376.JPEG,854
ILSVRC2012_val_00044151.JPEG,855
ILSVRC2012_val_00036517.JPEG,856
ILSVRC2012_val_00042822.JPEG,857
ILSVRC2012_val_00006917.JPEG,858
ILSVRC2012_val_00029661.JPEG,859
ILSVRC2012_val_00011540.JPEG,860
ILSVRC2012_val_00027841.JPEG,861
ILSVRC2012_val_00011703.JPEG,862
ILSVRC2012_val_00033637.JPEG,863
ILSVRC2012_val_00021882.JPEG,864
ILSVRC2012_val_00000579.JPEG,865
ILSVRC2012_val_00024074.JPEG,866
ILSVRC2012_val_00016410.JPEG,867
ILSVRC2012_val_00027040.JPEG,868
ILSVRC2012_val_00026708.JPEG,869
ILSVRC2012_val_00000069.JPEG,870
ILSVRC2012_val_00005883.JPEG,871
ILSVRC2012_val_00042052.JPEG,872
ILSVRC2012_val_00035081.JPEG,873
ILSVRC2012_val_00008255.JPEG,874
ILSVRC2012_val_00000479.JPEG,875
ILSVRC2012_val_00033123.JPEG,876
ILSVRC2012_val_00039758.JPEG,877
ILSVRC2012_val_00037048.JPEG,878
ILSVRC2012_val_00032662.JPEG,879
ILSVRC2012_val_00038319.JPEG,880
ILSVRC2012_val_00028612.JPEG,881
ILSVRC2012_val_00042287.JPEG,882
ILSVRC2012_val_00031441.JPEG,883
ILSVRC2012_val_00044280.JPEG,884
ILSVRC2012_val_00025160.JPEG,885
ILSVRC2012_val_00046926.JPEG,886
ILSVRC2012_val_00043040.JPEG,887
ILSVRC2012_val_00039577.JPEG,888
ILSVRC2012_val_00048341.JPEG,889
ILSVRC2012_val_00009276.JPEG,890
ILSVRC2012_val_00028926.JPEG,891
ILSVRC2012_val_00011957.JPEG,892
ILSVRC2012_val_00047367.JPEG,893
ILSVRC2012_val_00000482.JPEG,894
ILSVRC2012_val_00023593.JPEG,895
ILSVRC2012_val_00015991.JPEG,896
ILSVRC2012_val_00032300.JPEG,897
ILSVRC2012_val_00020948.JPEG,898
ILSVRC2012_val_00032981.JPEG,899
ILSVRC2012_val_00003749.JPEG,900
ILSVRC2012_val_00016743.JPEG,901
ILSVRC2012_val_00004456.JPEG,902
ILSVRC2012_val_00047307.JPEG,903
ILSVRC2012_val_00024481.JPEG,904
ILSVRC2012_val_00044911.JPEG,905
ILSVRC2012_val_00001655.JPEG,906
ILSVRC2012_val_00025193.JPEG,907
ILSVRC2012_val_00005783.JPEG,908
ILSVRC2012_val_00021202.JPEG,909
ILSVRC2012_val_00028641.JPEG,910
ILSVRC2012_val_00048268.JPEG,911
ILSVRC2012_val_00015677.JPEG,912
ILSVRC2012_val_00003632.JPEG,913
ILSVRC2012_val_00004249.JPEG,914
ILSVRC2012_val_00042870.JPEG,915
ILSVRC2012_val_00037598.JPEG,916
ILSVRC2012_val_00038551.JPEG,917
ILSVRC2012_val_00043787.JPEG,918
ILSVRC2012_val_00036374.JPEG,919
ILSVRC2012_val_00036312.JPEG,920
ILSVRC2012_val_00021039.JPEG,921
ILSVRC2012_val_00018867.JPEG,922
ILSVRC2012_val_00016597.JPEG,923
ILSVRC2012_val_00032939.JPEG,924
ILSVRC2012_val_00001308.JPEG,925
ILSVRC2012_val_00032792.JPEG,926
ILSVRC2012_val_00029614.JPEG,927
ILSVRC2012_val_00025209.JPEG,928
ILSVRC2012_val_00018588.JPEG,929
ILSVRC2012_val_00046840.JPEG,930
ILSVRC2012_val_00018883.JPEG,931
ILSVRC2012_val_00014958.JPEG,932
ILSVRC2012_val_00047577.JPEG,933
ILSVRC2012_val_00038387.JPEG,934
ILSVRC2012_val_00032912.JPEG,935
ILSVRC2012_val_00007647.JPEG,936
ILSVRC2012_val_00038518.JPEG,937
ILSVRC2012_val_00010149.JPEG,938
ILSVRC2012_val_00017362.JPEG,939
ILSVRC2012_val_00017526.JPEG,940
ILSVRC2012_val_00020078.JPEG,941
ILSVRC2012_val_00021097.JPEG,942
ILSVRC2012_val_00025582.JPEG,943
ILSVRC2012_val_00043831.JPEG,944
ILSVRC2012_val_00028969.JPEG,945
ILSVRC2012_val_00046872.JPEG,946
ILSVRC2012_val_00012313.JPEG,947
ILSVRC2012_val_00036103.JPEG,948
ILSVRC2012_val_00019754.JPEG,949
ILSVRC2012_val_00005888.JPEG,950
ILSVRC2012_val_00030758.JPEG,951
ILSVRC2012_val_00016680.JPEG,952
ILSVRC2012_val_00020416.JPEG,953
ILSVRC2012_val_00020601.JPEG,954
ILSVRC2012_val_00006705.JPEG,955
ILSVRC2012_val_00001692.JPEG,956
ILSVRC2012_val_00031912.JPEG,957
ILSVRC2012_val_00017729.JPEG,958
ILSVRC2012_val_00011360.JPEG,959
ILSVRC2012_val_00007824.JPEG,960
ILSVRC2012_val_00037332.JPEG,961
ILSVRC2012_val_00047989.JPEG,962
ILSVRC2012_val_00043781.JPEG,963
ILSVRC2012_val_00044014.JPEG,964
ILSVRC2012_val_00021317.JPEG,965
ILSVRC2012_val_00014200.JPEG,966
ILSVRC2012_val_00041584.JPEG,967
ILSVRC2012_val_00039707.JPEG,968
ILSVRC2012_val_00000139.JPEG,969
ILSVRC2012_val_00036787.JPEG,970
ILSVRC2012_val_00024110.JPEG,971
ILSVRC2012_val_00047843.JPEG,972
ILSVRC2012_val_00013075.JPEG,973
ILSVRC2012_val_00014161.JPEG,974
ILSVRC2012_val_00016111.JPEG,975
ILSVRC2012_val_00021511.JPEG,976
ILSVRC2012_val_00001524.JPEG,977
ILSVRC2012_val_00032032.JPEG,978
ILSVRC2012_val_00020172.JPEG,979
ILSVRC2012_val_00045671.JPEG,980
ILSVRC2012_val_00026142.JPEG,981
ILSVRC2012_val_00043162.JPEG,982
ILSVRC2012_val_00005914.JPEG,983
ILSVRC2012_val_00004688.JPEG,984
ILSVRC2012_val_00019320.JPEG,985
ILSVRC2012_val_00048982.JPEG,986
ILSVRC2012_val_00048526.JPEG,987
ILSVRC2012_val_00012761.JPEG,988
ILSVRC2012_val_00028708.JPEG,989
ILSVRC2012_val_00021225.JPEG,990
ILSVRC2012_val_00014277.JPEG,991
ILSVRC2012_val_00009342.JPEG,992
ILSVRC2012_val_00021019.JPEG,993
ILSVRC2012_val_00021034.JPEG,994
ILSVRC2012_val_00017467.JPEG,995
ILSVRC2012_val_00023797.JPEG,996
ILSVRC2012_val_00032654.JPEG,997
ILSVRC2012_val_00034855.JPEG,998
ILSVRC2012_val_00016310.JPEG,999
